{
  "meta": {
    "timestamp": "2026-05-03T19:33:21.076560+00:00",
    "git_sha": "720a95a579bfb23e8c3b1177a94624e0c0a8c4cb",
    "hostname": "Mac",
    "corpus_path": "tools/benchmark/corpus/chat_nonstreaming.json",
    "concurrency_levels": [
      1,
      4,
      8
    ],
    "proxy_url": "r450.modal.host:44811",
    "native_url": "r450.modal.host:44811",
    "modal_function_id": null,
    "gpu_type": "A10G",
    "cold_start_s": null
  },
  "summaries": [
    {
      "target": "grpc-direct",
      "concurrency": 1,
      "n_requests": 10,
      "n_errors": 0,
      "latency_p50_ms": 182.01112550013931,
      "latency_p95_ms": 272.31520435052505,
      "latency_p99_ms": 314.97517447052815,
      "throughput_rps": 5.334050110178404,
      "request_bytes_mean": 418.8,
      "response_bytes_mean": null,
      "proxy_ms_p50": null,
      "proxy_ms_p95": null,
      "proxy_ms_p99": null,
      "ttft_p50_ms": 125.39737500082992,
      "ttft_p95_ms": 264.4401937499423,
      "ttft_p99_ms": 311.83783874865185,
      "tpot_p50_ms": 6.998324111110479,
      "tpot_p95_ms": 9.329823045792786,
      "tpot_p99_ms": 10.012442475746562,
      "request_type": "chat"
    },
    {
      "target": "grpc-direct",
      "concurrency": 4,
      "n_requests": 10,
      "n_errors": 0,
      "latency_p50_ms": 213.53683399865986,
      "latency_p95_ms": 333.14347530122177,
      "latency_p99_ms": 333.22669506222155,
      "throughput_rps": 3.991965103580348,
      "request_bytes_mean": 418.8,
      "response_bytes_mean": null,
      "proxy_ms_p50": null,
      "proxy_ms_p95": null,
      "proxy_ms_p99": null,
      "ttft_p50_ms": 197.75118799952907,
      "ttft_p95_ms": 331.28875410147884,
      "ttft_p99_ms": 331.3661836215033,
      "tpot_p50_ms": 0.26023844455064843,
      "tpot_p95_ms": 7.765820024815184,
      "tpot_p99_ms": 7.783555604783032,
      "request_type": "chat"
    },
    {
      "target": "grpc-direct",
      "concurrency": 8,
      "n_requests": 10,
      "n_errors": 0,
      "latency_p50_ms": 418.38743749940477,
      "latency_p95_ms": 418.68477469834033,
      "latency_p99_ms": 418.70235493872315,
      "throughput_rps": 2.5990025872750904,
      "request_bytes_mean": 418.8,
      "response_bytes_mean": null,
      "proxy_ms_p50": null,
      "proxy_ms_p95": null,
      "proxy_ms_p99": null,
      "ttft_p50_ms": 392.52968749860884,
      "ttft_p95_ms": 392.76302674934414,
      "ttft_p99_ms": 392.7756717500233,
      "tpot_p50_ms": 2.692615777656708,
      "tpot_p95_ms": 8.366611481028485,
      "tpot_p99_ms": 8.621926495920889,
      "request_type": "chat"
    }
  ],
  "raw_results": [
    {
      "sample_id": "sample-001",
      "target": "grpc-direct",
      "concurrency": 1,
      "latency_ms": 325.6401670005289,
      "request_bytes": 46,
      "response_bytes": null,
      "proxy_ms": null,
      "success": true,
      "error": null,
      "ttft_ms": 323.6872499983292,
      "tpot_ms": 0.17032411132175992,
      "token_count": 10,
      "request_type": "chat"
    },
    {
      "sample_id": "sample-002",
      "target": "grpc-direct",
      "concurrency": 1,
      "latency_ms": 193.85933300145552,
      "request_bytes": 48,
      "response_bytes": null,
      "proxy_ms": null,
      "success": true,
      "error": null,
      "ttft_ms": 192.0271250019141,
      "tpot_ms": 0.16648611078077616,
      "token_count": 10,
      "request_type": "chat"
    },
    {
      "sample_id": "sample-003",
      "target": "grpc-direct",
      "concurrency": 1,
      "latency_ms": 130.31299999784096,
      "request_bytes": 67,
      "response_bytes": null,
      "proxy_ms": null,
      "success": true,
      "error": null,
      "ttft_ms": 128.3735830002115,
      "tpot_ms": 0.18006022219196893,
      "token_count": 10,
      "request_type": "chat"
    },
    {
      "sample_id": "sample-004",
      "target": "grpc-direct",
      "concurrency": 1,
      "latency_ms": 207.1402500005206,
      "request_bytes": 237,
      "response_bytes": null,
      "proxy_ms": null,
      "success": true,
      "error": null,
      "ttft_ms": 144.8244999992312,
      "tpot_ms": 7.730593750238768,
      "token_count": 9,
      "request_type": "chat"
    },
    {
      "sample_id": "sample-005",
      "target": "grpc-direct",
      "concurrency": 1,
      "latency_ms": 142.6807079988066,
      "request_bytes": 273,
      "response_bytes": null,
      "proxy_ms": null,
      "success": true,
      "error": null,
      "ttft_ms": 81.23433299988392,
      "tpot_ms": 10.183097333235006,
      "token_count": 7,
      "request_type": "chat"
    },
    {
      "sample_id": "sample-006",
      "target": "grpc-direct",
      "concurrency": 1,
      "latency_ms": 193.02320800125017,
      "request_bytes": 282,
      "response_bytes": null,
      "proxy_ms": null,
      "success": true,
      "error": null,
      "ttft_ms": 131.11895800102502,
      "tpot_ms": 6.833787110938122,
      "token_count": 10,
      "request_type": "chat"
    },
    {
      "sample_id": "sample-007",
      "target": "grpc-direct",
      "concurrency": 1,
      "latency_ms": 179.68179200033774,
      "request_bytes": 436,
      "response_bytes": null,
      "proxy_ms": null,
      "success": true,
      "error": null,
      "ttft_ms": 119.09875000128523,
      "tpot_ms": 7.562421874808933,
      "token_count": 9,
      "request_type": "chat"
    },
    {
      "sample_id": "sample-008",
      "target": "grpc-direct",
      "concurrency": 1,
      "latency_ms": 143.09124999999767,
      "request_bytes": 626,
      "response_bytes": null,
      "proxy_ms": null,
      "success": true,
      "error": null,
      "ttft_ms": 76.68408300014562,
      "tpot_ms": 8.286932250030077,
      "token_count": 9,
      "request_type": "chat"
    },
    {
      "sample_id": "sample-009",
      "target": "grpc-direct",
      "concurrency": 1,
      "latency_ms": 174.97787500178674,
      "request_bytes": 972,
      "response_bytes": null,
      "proxy_ms": null,
      "success": true,
      "error": null,
      "ttft_ms": 110.57487500147545,
      "tpot_ms": 7.139893555480133,
      "token_count": 10,
      "request_type": "chat"
    },
    {
      "sample_id": "sample-010",
      "target": "grpc-direct",
      "concurrency": 1,
      "latency_ms": 184.3404589999409,
      "request_bytes": 1201,
      "response_bytes": null,
      "proxy_ms": null,
      "success": true,
      "error": null,
      "ttft_ms": 122.42116700144834,
      "tpot_ms": 6.856754666740825,
      "token_count": 10,
      "request_type": "chat"
    },
    {
      "sample_id": "sample-001",
      "target": "grpc-direct",
      "concurrency": 4,
      "latency_ms": 333.2475000024715,
      "request_bytes": 46,
      "response_bytes": null,
      "proxy_ms": null,
      "success": true,
      "error": null,
      "ttft_ms": 331.3855410015094,
      "tpot_ms": 0.1614323750800395,
      "token_count": 9,
      "request_type": "chat"
    },
    {
      "sample_id": "sample-002",
      "target": "grpc-direct",
      "concurrency": 4,
      "latency_ms": 333.0163339996943,
      "request_bytes": 48,
      "response_bytes": null,
      "proxy_ms": null,
      "success": true,
      "error": null,
      "ttft_ms": 331.1704590014415,
      "tpot_ms": 0.15923950013529975,
      "token_count": 9,
      "request_type": "chat"
    },
    {
      "sample_id": "sample-003",
      "target": "grpc-direct",
      "concurrency": 4,
      "latency_ms": 332.054500002414,
      "request_bytes": 67,
      "response_bytes": null,
      "proxy_ms": null,
      "success": true,
      "error": null,
      "ttft_ms": 269.36037500126986,
      "tpot_ms": 7.787989499774994,
      "token_count": 9,
      "request_type": "chat"
    },
    {
      "sample_id": "sample-004",
      "target": "grpc-direct",
      "concurrency": 4,
      "latency_ms": 332.984958000452,
      "request_bytes": 237,
      "response_bytes": null,
      "proxy_ms": null,
      "success": true,
      "error": null,