{
  "meta": {
    "timestamp": "2026-05-03T23:44:04.593378+00:00",
    "git_sha": "50be64179f39a052b98a70a4d51f1a29c9b30540",
    "hostname": "Mac",
    "corpus_path": "tools/benchmark/corpus/chat_nonstreaming.json",
    "concurrency_levels": [
      1,
      4,
      8
    ],
    "proxy_url": "r433.modal.host:43945",
    "native_url": "r433.modal.host:43945",
    "modal_function_id": null,
    "gpu_type": "A10G",
    "cold_start_s": null
  },
  "summaries": [
    {
      "target": "grpc-direct",
      "concurrency": 1,
      "n_requests": 10,
      "n_errors": 0,
      "latency_p50_ms": 142.98881300055655,
      "latency_p95_ms": 216.2085078518429,
      "latency_p99_ms": 256.0272679706395,
      "throughput_rps": 6.623204461552879,
      "request_bytes_mean": 418.8,
      "response_bytes_mean": null,
      "proxy_ms_p50": null,
      "proxy_ms_p95": null,
      "proxy_ms_p99": null,
      "ttft_p50_ms": 100.78318800151465,
      "ttft_p95_ms": 206.08859359963375,
      "ttft_p99_ms": 252.4403187196731,
      "tpot_p50_ms": 4.9378333884912236,
      "tpot_p95_ms": 5.154072527471321,
      "tpot_p99_ms": 5.206677527272,
      "request_type": "chat"
    },
    {
      "target": "grpc-direct",
      "concurrency": 4,
      "n_requests": 10,
      "n_errors": 0,
      "latency_p50_ms": 205.15891649847617,
      "latency_p95_ms": 375.178283151763,
      "latency_p99_ms": 375.4095230335952,
      "throughput_rps": 3.740095234808275,
      "request_bytes_mean": 418.8,
      "response_bytes_mean": null,
      "proxy_ms_p50": null,
      "proxy_ms_p95": null,
      "proxy_ms_p99": null,
      "ttft_p50_ms": 153.57062499970198,
      "ttft_p95_ms": 325.9335455004475,
      "ttft_p99_ms": 325.97467549931025,
      "tpot_p50_ms": 7.731951332971221,
      "tpot_p95_ms": 10.472051422200618,
      "tpot_p99_ms": 10.590288062028574,
      "request_type": "chat"
    },
    {
      "target": "grpc-direct",
      "concurrency": 8,
      "n_requests": 10,
      "n_errors": 0,
      "latency_p50_ms": 372.4031039964757,
      "latency_p95_ms": 372.624973100028,
      "latency_p99_ms": 372.6543282222701,
      "throughput_rps": 2.9155927164771724,
      "request_bytes_mean": 418.8,
      "response_bytes_mean": null,
      "proxy_ms_p50": null,
      "proxy_ms_p95": null,
      "proxy_ms_p99": null,
      "ttft_p50_ms": 324.4055835020845,
      "ttft_p95_ms": 324.606797800152,
      "ttft_p99_ms": 324.63339316243946,
      "tpot_p50_ms": 5.147833333062914,
      "tpot_p95_ms": 10.221867183241152,
      "tpot_p99_ms": 10.54841050350256,
      "request_type": "chat"
    }
  ],
  "raw_results": [
    {
      "sample_id": "sample-001",
      "target": "grpc-direct",
      "concurrency": 1,
      "latency_ms": 265.98195800033864,
      "request_bytes": 46,
      "response_bytes": null,
      "proxy_ms": null,
      "success": true,
      "error": null,
      "ttft_ms": 264.0282499996829,
      "tpot_ms": 0.16727777822072515,
      "token_count": 10,
      "request_type": "chat"
    },
    {
      "sample_id": "sample-002",
      "target": "grpc-direct",
      "concurrency": 1,
      "latency_ms": 154.45341599843232,
      "request_bytes": 48,
      "response_bytes": null,
      "proxy_ms": null,
      "success": true,
      "error": null,
      "ttft_ms": 107.05754100490594,
      "tpot_ms": 5.21982877722217,
      "token_count": 10,
      "request_type": "chat"
    },
    {
      "sample_id": "sample-003",
      "target": "grpc-direct",
      "concurrency": 1,
      "latency_ms": 114.32754200359341,
      "request_bytes": 67,
      "response_bytes": null,
      "proxy_ms": null,
      "success": true,
      "error": null,
      "ttft_ms": 69.64162500662496,
      "tpot_ms": 4.932939888223903,
      "token_count": 10,
      "request_type": "chat"
    },
    {
      "sample_id": "sample-004",
      "target": "grpc-direct",
      "concurrency": 1,
      "latency_ms": 143.20595900062472,
      "request_bytes": 237,
      "response_bytes": null,
      "proxy_ms": null,
      "success": true,
      "error": null,
      "ttft_ms": 98.16095900168875,
      "tpot_ms": 4.985319444030109,
      "token_count": 10,
      "request_type": "chat"
    },
    {
      "sample_id": "sample-005",
      "target": "grpc-direct",
      "concurrency": 1,
      "latency_ms": 112.95508399780374,
      "request_bytes": 273,
      "response_bytes": null,
      "proxy_ms": null,
      "success": true,
      "error": null,
      "ttft_ms": 67.15883399738232,
      "tpot_ms": 5.059009222249086,
      "token_count": 10,
      "request_type": "chat"
    },
    {
      "sample_id": "sample-006",
      "target": "grpc-direct",
      "concurrency": 1,
      "latency_ms": 136.7279999976745,
      "request_bytes": 282,
      "response_bytes": null,
      "proxy_ms": null,
      "success": true,
      "error": null,
      "ttft_ms": 135.27345799957402,
      "tpot_ms": 0.13951855524080908,
      "token_count": 10,
      "request_type": "chat"
    },
    {
      "sample_id": "sample-007",
      "target": "grpc-direct",
      "concurrency": 1,
      "latency_ms": 155.37429100368172,
      "request_bytes": 436,
      "response_bytes": null,
      "proxy_ms": null,
      "success": true,
      "error": null,
      "ttft_ms": 110.56729100528173,
      "tpot_ms": 4.9427268887585445,
      "token_count": 10,
      "request_type": "chat"
    },
    {
      "sample_id": "sample-008",
      "target": "grpc-direct",
      "concurrency": 1,
      "latency_ms": 136.85533300304087,
      "request_bytes": 626,
      "response_bytes": null,
      "proxy_ms": null,
      "success": true,
      "error": null,
      "ttft_ms": 91.06804100156296,
      "tpot_ms": 5.073703777775841,
      "token_count": 10,
      "request_type": "chat"
    },
    {
      "sample_id": "sample-009",
      "target": "grpc-direct",
      "concurrency": 1,
      "latency_ms": 147.18991700647166,
      "request_bytes": 972,
      "response_bytes": null,
      "proxy_ms": null,
      "success": true,
      "error": null,
      "ttft_ms": 102.8248340007849,
      "tpot_ms": 4.916671222114625,
      "token_count": 10,
      "request_type": "chat"
    },
    {
      "sample_id": "sample-010",
      "target": "grpc-direct",
      "concurrency": 1,
      "latency_ms": 142.77166700048838,
      "request_bytes": 1201,
      "response_bytes": null,
      "proxy_ms": null,
      "success": true,
      "error": null,
      "ttft_ms": 98.74154200224439,
      "tpot_ms": 4.879671221715398,
      "token_count": 10,
      "request_type": "chat"
    },
    {
      "sample_id": "sample-001",
      "target": "grpc-direct",
      "concurrency": 4,
      "latency_ms": 374.8249999989639,
      "request_bytes": 46,
      "response_bytes": null,
      "proxy_ms": null,
      "success": true,
      "error": null,
      "ttft_ms": 325.98495799902594,
      "tpot_ms": 5.312287000480056,
      "token_count": 10,
      "request_type": "chat"
    },
    {
      "sample_id": "sample-002",
      "target": "grpc-direct",
      "concurrency": 4,
      "latency_ms": 374.0373750042636,
      "request_bytes": 48,
      "response_bytes": null,
      "proxy_ms": null,
      "success": true,
      "error": null,
      "ttft_ms": 277.7172080022865,
      "tpot_ms": 10.619847221985562,
      "token_count": 10,
      "request_type": "chat"
    },
    {
      "sample_id": "sample-003",
      "target": "grpc-direct",
      "concurrency": 4,
      "latency_ms": 375.4673330040532,
      "request_bytes": 67,
      "response_bytes": null,
      "proxy_ms": null,
      "success": true,
      "error": null,
      "ttft_ms": 325.870708002185,
      "tpot_ms": 5.321009222017084,
      "token_count": 10,
      "request_type": "chat"
    },
    {
      "sample_id": "sample-004",
      "target": "grpc-direct",
      "concurrency": 4,
      "latency_ms": 374.6547500049928,
      "request_bytes": 237,
      "response_bytes": null,
      "proxy_ms": null,
      "success": true,
      "error": null,