{
  "meta": {
    "timestamp": "2026-05-03T00:38:33.388155+00:00",
    "git_sha": "14eccd46c01c4583f3b865fd1459c769cc2c3a6a",
    "hostname": "Mac",
    "corpus_path": "tools/benchmark/corpus/chat_nonstreaming.json",
    "concurrency_levels": [
      1,
      4,
      8
    ],
    "proxy_url": "r431.modal.host:39259",
    "native_url": "r431.modal.host:39259",
    "modal_function_id": null,
    "gpu_type": "A10G",
    "cold_start_s": null
  },
  "summaries": [
    {
      "target": "grpc-direct",
      "concurrency": 1,
      "n_requests": 10,
      "n_errors": 0,
      "latency_p50_ms": 146.919999999227,
      "latency_p95_ms": 209.65833504560567,
      "latency_p99_ms": 248.14369980500487,
      "throughput_rps": 6.68726381376755,
      "request_bytes_mean": 418.8,
      "response_bytes_mean": null,
      "proxy_ms_p50": null,
      "proxy_ms_p95": null,
      "proxy_ms_p99": null,
      "ttft_p50_ms": 95.7588544988539,
      "ttft_p95_ms": 164.11076219992526,
      "ttft_p99_ms": 199.76555243811163,
      "tpot_p50_ms": 5.58900466623729,
      "tpot_p95_ms": 6.029444006021043,
      "tpot_p99_ms": 6.149874046136069
    },
    {
      "target": "grpc-direct",
      "concurrency": 4,
      "n_requests": 10,
      "n_errors": 0,
      "latency_p50_ms": 172.93310400054906,
      "latency_p95_ms": 273.4028811028111,
      "latency_p99_ms": 273.4552762223757,
      "throughput_rps": 4.8823721614879245,
      "request_bytes_mean": 418.8,
      "response_bytes_mean": null,
      "proxy_ms_p50": null,
      "proxy_ms_p95": null,
      "proxy_ms_p99": null,
      "ttft_p50_ms": 161.22945800452726,
      "ttft_p95_ms": 270.3198125040217,
      "ttft_p99_ms": 270.3796625039831,
      "tpot_p50_ms": 0.2013934447151971,
      "tpot_p95_ms": 5.642863211040902,
      "tpot_p99_ms": 5.693761531082499
    },
    {
      "target": "grpc-direct",
      "concurrency": 8,
      "n_requests": 10,
      "n_errors": 0,
      "latency_p50_ms": 268.4738539974205,
      "latency_p95_ms": 268.8840770530078,
      "latency_p99_ms": 268.92378181139065,
      "throughput_rps": 4.066004329805047,
      "request_bytes_mean": 418.8,
      "response_bytes_mean": null,
      "proxy_ms_p50": null,
      "proxy_ms_p95": null,
      "proxy_ms_p99": null,
      "ttft_p50_ms": 256.15929149716976,
      "ttft_p95_ms": 256.50584770337446,
      "ttft_p99_ms": 256.5427023448865,
      "tpot_p50_ms": 1.2333634444480088,
      "tpot_p95_ms": 3.647269477490525,
      "tpot_p99_ms": 5.225876117304628
    }
  ],
  "raw_results": [
    {
      "sample_id": "sample-001",
      "target": "grpc-direct",
      "concurrency": 1,
      "latency_ms": 257.76504099485464,
      "request_bytes": 46,
      "response_bytes": null,
      "proxy_ms": null,
      "success": true,
      "error": null,
      "ttft_ms": 208.6792499976582,
      "tpot_ms": 5.403411999901032,
      "token_count": 10
    },
    {
      "sample_id": "sample-002",
      "target": "grpc-direct",
      "concurrency": 1,
      "latency_ms": 150.86124999652384,
      "request_bytes": 48,
      "response_bytes": null,
      "proxy_ms": null,
      "success": true,
      "error": null,
      "ttft_ms": 101.98008400038816,
      "tpot_ms": 5.398703666287474,
      "token_count": 10
    },
    {
      "sample_id": "sample-003",
      "target": "grpc-direct",
      "concurrency": 1,
      "latency_ms": 111.36550000082934,
      "request_bytes": 67,
      "response_bytes": null,
      "proxy_ms": null,
      "success": true,
      "error": null,
      "ttft_ms": 109.63816600269638,
      "tpot_ms": 0.1619676663216928,
      "token_count": 10
    },
    {
      "sample_id": "sample-004",
      "target": "grpc-direct",
      "concurrency": 1,
      "latency_ms": 135.4793749997043,
      "request_bytes": 237,
      "response_bytes": null,
      "proxy_ms": null,
      "success": true,
      "error": null,
      "ttft_ms": 85.27420800237451,
      "tpot_ms": 5.543810221651155,
      "token_count": 10
    },
    {
      "sample_id": "sample-005",
      "target": "grpc-direct",
      "concurrency": 1,
      "latency_ms": 150.1535839997814,
      "request_bytes": 273,
      "response_bytes": null,
      "proxy_ms": null,
      "success": true,
      "error": null,
      "ttft_ms": 97.16320900042774,
      "tpot_ms": 5.8454536669564225,
      "token_count": 10
    },
    {
      "sample_id": "sample-006",
      "target": "grpc-direct",
      "concurrency": 1,
      "latency_ms": 148.4847500032629,
      "request_bytes": 282,
      "response_bytes": null,
      "proxy_ms": null,
      "success": true,
      "error": null,
      "ttft_ms": 92.42066599836107,
      "tpot_ms": 6.179981556164825,
      "token_count": 10
    },
    {
      "sample_id": "sample-007",
      "target": "grpc-direct",
      "concurrency": 1,
      "latency_ms": 149.00754200061783,
      "request_bytes": 436,
      "response_bytes": null,
      "proxy_ms": null,
      "success": true,
      "error": null,
      "ttft_ms": 99.82720900006825,
      "tpot_ms": 5.431069444360522,
      "token_count": 10
    },
    {
      "sample_id": "sample-008",
      "target": "grpc-direct",
      "concurrency": 1,
      "latency_ms": 111.30345799756469,
      "request_bytes": 626,
      "response_bytes": null,
      "proxy_ms": null,
      "success": true,
      "error": null,
      "ttft_ms": 59.67070799670182,
      "tpot_ms": 5.703689777874388,
      "token_count": 10
    },
    {
      "sample_id": "sample-009",
      "target": "grpc-direct",
      "concurrency": 1,
      "latency_ms": 135.60416599648306,
      "request_bytes": 972,
      "response_bytes": null,
      "proxy_ms": null,
      "success": true,
      "error": null,
      "ttft_ms": 83.42720799555536,
      "tpot_ms": 5.766152777747872,
      "token_count": 10
    },
    {
      "sample_id": "sample-010",
      "target": "grpc-direct",
      "concurrency": 1,
      "latency_ms": 145.35524999519112,
      "request_bytes": 1201,
      "response_bytes": null,
      "proxy_ms": null,
      "success": true,
      "error": null,
      "ttft_ms": 94.35449999728007,
      "tpot_ms": 5.634199110823425,
      "token_count": 10
    },
    {
      "sample_id": "sample-001",
      "target": "grpc-direct",
      "concurrency": 4,
      "latency_ms": 273.46837500226684,
      "request_bytes": 46,
      "response_bytes": null,
      "proxy_ms": null,
      "success": true,
      "error": null,
      "ttft_ms": 270.3946250039735,
      "tpot_ms": 0.21496299935582405,
      "token_count": 10
    },
    {
      "sample_id": "sample-002",
      "target": "grpc-direct",
      "concurrency": 4,
      "latency_ms": 272.729000003892,
      "request_bytes": 48,
      "response_bytes": null,
      "proxy_ms": null,
      "success": true,
      "error": null,
      "ttft_ms": 270.1255840001977,
      "tpot_ms": 0.19233788932777113,
      "token_count": 10
    },
    {
      "sample_id": "sample-003",
      "target": "grpc-direct",
      "concurrency": 4,
      "latency_ms": 273.32283300347626,
      "request_bytes": 67,
      "response_bytes": null,
      "proxy_ms": null,
      "success": true,
      "error": null,
      "ttft_ms": 270.2283750040806,
      "tpot_ms": 0.21797222224348742,
      "token_count": 10
    },
    {
      "sample_id": "sample-004",
      "target": "grpc-direct",
      "concurrency": 4,
      "latency_ms": 273.1257499981439,
      "request_bytes": 237,
      "response_bytes": null,
      "proxy_ms": null,
      "success": true,
      "error": null,
      "ttft_ms": 270.0878749965341,
      "tpot_ms": 0.21044900010262305,
      "token_count": 10
    },
    {
      "sample_id": "sample-005",
      "target": "grpc-direct",
      "concurrency": 4,
      "latency_ms": 152.6791670039529,
      "request_bytes": 273,
      "response_bytes": null,
      "proxy_ms": null,
      "success": true,
      "error": null,
      "ttft_ms": 102.3563330018078,
      "tpot_ms": 5.565101888755129,