{
  "meta": {
    "timestamp": "2026-05-03T17:11:29.672251+00:00",
    "git_sha": "6c90747592147f4cfe4ae4a35f7bd4d2d2741db3",
    "hostname": "Mac",
    "corpus_path": "tools/benchmark/corpus/chat_nonstreaming.json",
    "concurrency_levels": [
      1,
      4,
      8
    ],
    "proxy_url": "r445.modal.host:40515",
    "native_url": "r445.modal.host:40515",
    "modal_function_id": null,
    "gpu_type": "A10G",
    "cold_start_s": null
  },
  "summaries": [
    {
      "target": "grpc-direct",
      "concurrency": 1,
      "n_requests": 10,
      "n_errors": 0,
      "latency_p50_ms": 134.66797949968168,
      "latency_p95_ms": 218.95275409951853,
      "latency_p99_ms": 264.08148361988424,
      "throughput_rps": 6.753134557909414,
      "request_bytes_mean": 418.8,
      "response_bytes_mean": null,
      "proxy_ms_p50": null,
      "proxy_ms_p95": null,
      "proxy_ms_p99": null,
      "ttft_p50_ms": 92.53268750035204,
      "ttft_p95_ms": 182.9624412999691,
      "ttft_p99_ms": 220.36362106002343,
      "tpot_p50_ms": 5.0065462777032135,
      "tpot_p95_ms": 5.636739583294709,
      "tpot_p99_ms": 5.701214583257549,
      "request_type": "chat"
    },
    {
      "target": "grpc-direct",
      "concurrency": 4,
      "n_requests": 10,
      "n_errors": 0,
      "latency_p50_ms": 155.1862295000319,
      "latency_p95_ms": 317.1844464995047,
      "latency_p99_ms": 317.28515649954716,
      "throughput_rps": 4.671139149739931,
      "request_bytes_mean": 418.8,
      "response_bytes_mean": null,
      "proxy_ms_p50": null,
      "proxy_ms_p95": null,
      "proxy_ms_p99": null,
      "ttft_p50_ms": 110.06589599946892,
      "ttft_p95_ms": 268.3371774493935,
      "ttft_p99_ms": 268.4385026896416,
      "tpot_p50_ms": 4.970196777826964,
      "tpot_p95_ms": 5.30581597229482,
      "tpot_p99_ms": 5.306440972251746,
      "request_type": "chat"
    },
    {
      "target": "grpc-direct",
      "concurrency": 8,
      "n_requests": 10,
      "n_errors": 0,
      "latency_p50_ms": 313.00802050009224,
      "latency_p95_ms": 313.2998434496585,
      "latency_p99_ms": 313.3372686885741,
      "throughput_rps": 3.6094421214189447,
      "request_bytes_mean": 418.8,
      "response_bytes_mean": null,
      "proxy_ms_p50": null,
      "proxy_ms_p95": null,
      "proxy_ms_p99": null,
      "ttft_p50_ms": 261.54385399968305,
      "ttft_p95_ms": 261.7564809503165,
      "ttft_p99_ms": 261.79039619066316,
      "tpot_p50_ms": 5.6107869999727376,
      "tpot_p95_ms": 7.934245383350769,
      "tpot_p99_ms": 9.443945343357177,
      "request_type": "chat"
    }
  ],
  "raw_results": [
    {
      "sample_id": "sample-001",
      "target": "grpc-direct",
      "concurrency": 1,
      "latency_ms": 275.36366599997564,
      "request_bytes": 46,
      "response_bytes": null,
      "proxy_ms": null,
      "success": true,
      "error": null,
      "ttft_ms": 229.713916000037,
      "tpot_ms": 5.028351888742893,
      "token_count": 10,
      "request_type": "chat"
    },
    {
      "sample_id": "sample-002",
      "target": "grpc-direct",
      "concurrency": 1,
      "latency_ms": 147.48120799958997,
      "request_bytes": 48,
      "response_bytes": null,
      "proxy_ms": null,
      "success": true,
      "error": null,
      "ttft_ms": 95.76862500034622,
      "tpot_ms": 5.717333333248259,
      "token_count": 10,
      "request_type": "chat"
    },
    {
      "sample_id": "sample-003",
      "target": "grpc-direct",
      "concurrency": 1,
      "latency_ms": 114.18579100063653,
      "request_bytes": 67,
      "response_bytes": null,
      "proxy_ms": null,
      "success": true,
      "error": null,
      "ttft_ms": 112.50425000071118,
      "tpot_ms": 0.1573611110264513,
      "token_count": 10,
      "request_type": "chat"
    },
    {
      "sample_id": "sample-004",
      "target": "grpc-direct",
      "concurrency": 1,
      "latency_ms": 135.79279099940322,
      "request_bytes": 237,
      "response_bytes": null,
      "proxy_ms": null,
      "success": true,
      "error": null,
      "ttft_ms": 88.49562499926833,
      "tpot_ms": 5.21961566664686,
      "token_count": 10,
      "request_type": "chat"
    },
    {
      "sample_id": "sample-005",
      "target": "grpc-direct",
      "concurrency": 1,
      "latency_ms": 150.0060839989601,
      "request_bytes": 273,
      "response_bytes": null,
      "proxy_ms": null,
      "success": true,
      "error": null,
      "ttft_ms": 107.27233400029945,
      "tpot_ms": 4.725661999853198,
      "token_count": 10,
      "request_type": "chat"
    },
    {
      "sample_id": "sample-006",
      "target": "grpc-direct",
      "concurrency": 1,
      "latency_ms": 133.9625000000524,
      "request_bytes": 282,
      "response_bytes": null,
      "proxy_ms": null,
      "success": true,
      "error": null,
      "ttft_ms": 89.29675000035786,
      "tpot_ms": 4.946615777751301,
      "token_count": 10,
      "request_type": "chat"
    },
    {
      "sample_id": "sample-007",
      "target": "grpc-direct",
      "concurrency": 1,
      "latency_ms": 127.66783299957751,
      "request_bytes": 436,
      "response_bytes": null,
      "proxy_ms": null,
      "success": true,
      "error": null,
      "ttft_ms": 125.82174999988638,
      "tpot_ms": 0.16416666666272148,
      "token_count": 10,
      "request_type": "chat"
    },
    {
      "sample_id": "sample-008",
      "target": "grpc-direct",
      "concurrency": 1,
      "latency_ms": 130.91233299928717,
      "request_bytes": 626,
      "response_bytes": null,
      "proxy_ms": null,
      "success": true,
      "error": null,
      "ttft_ms": 85.86866699988605,
      "tpot_ms": 4.984740666663533,
      "token_count": 10,
      "request_type": "chat"
    },
    {
      "sample_id": "sample-009",
      "target": "grpc-direct",
      "concurrency": 1,
      "latency_ms": 135.37345899931097,
      "request_bytes": 972,
      "response_bytes": null,
      "proxy_ms": null,
      "success": true,
      "error": null,
      "ttft_ms": 85.35095899969747,
      "tpot_ms": 5.538236111129259,
      "token_count": 10,
      "request_type": "chat"
    },
    {
      "sample_id": "sample-010",
      "target": "grpc-direct",
      "concurrency": 1,
      "latency_ms": 130.0481670004956,
      "request_bytes": 1201,
      "response_bytes": null,
      "proxy_ms": null,
      "success": true,
      "error": null,
      "ttft_ms": 82.41270899998199,
      "tpot_ms": 5.256212888828789,
      "token_count": 10,
      "request_type": "chat"
    },
    {
      "sample_id": "sample-001",
      "target": "grpc-direct",
      "concurrency": 4,
      "latency_ms": 317.31033399955777,
      "request_bytes": 46,
      "response_bytes": null,
      "proxy_ms": null,
      "success": true,
      "error": null,
      "ttft_ms": 268.46383399970364,
      "tpot_ms": 5.304861111249516,
      "token_count": 10,
      "request_type": "chat"
    },
    {
      "sample_id": "sample-002",
      "target": "grpc-direct",
      "concurrency": 4,
      "latency_ms": 316.3693750011589,
      "request_bytes": 48,
      "response_bytes": null,
      "proxy_ms": null,
      "success": true,
      "error": null,
      "ttft_ms": 268.1684170001972,
      "tpot_ms": 5.250023111228883,
      "token_count": 10,
      "request_type": "chat"
    },
    {
      "sample_id": "sample-003",
      "target": "grpc-direct",
      "concurrency": 4,
      "latency_ms": 316.98283399964566,
      "request_bytes": 67,
      "response_bytes": null,
      "proxy_ms": null,
      "success": true,
      "error": null,
      "ttft_ms": 268.1798339999659,
      "tpot_ms": 5.304370333356524,
      "token_count": 10,
      "request_type": "chat"
    },
    {
      "sample_id": "sample-004",
      "target": "grpc-direct",
      "concurrency": 4,
      "latency_ms": 317.03058399943984,
      "request_bytes": 237,
      "response_bytes": null,
      "proxy_ms": null,
      "success": true,
      "error": null,