{
  "meta": {
    "timestamp": "2026-05-03T16:14:24.977709+00:00",
    "git_sha": "5deae6c26db531cdd00efbd1c3c294e58f3be125",
    "hostname": "Mac",
    "corpus_path": "tools/benchmark/corpus/chat_nonstreaming.json",
    "concurrency_levels": [
      1,
      4,
      8
    ],
    "proxy_url": "r432.modal.host:39081",
    "native_url": "r432.modal.host:39081",
    "modal_function_id": null,
    "gpu_type": "A10G",
    "cold_start_s": null
  },
  "summaries": [
    {
      "target": "grpc-direct",
      "concurrency": 1,
      "n_requests": 10,
      "n_errors": 0,
      "latency_p50_ms": 147.48174999931507,
      "latency_p95_ms": 227.56729390139293,
      "latency_p99_ms": 248.12435878158794,
      "throughput_rps": 6.416927513917235,
      "request_bytes_mean": 418.8,
      "response_bytes_mean": null,
      "proxy_ms_p50": null,
      "proxy_ms_p95": null,
      "proxy_ms_p99": null,
      "ttft_p50_ms": 90.188895999745,
      "ttft_p95_ms": 161.45782065104856,
      "ttft_p99_ms": 195.35833053108945,
      "tpot_p50_ms": 6.122940500063123,
      "tpot_p95_ms": 13.611323788015959,
      "tpot_p99_ms": 14.475598090881423,
      "request_type": "chat"
    },
    {
      "target": "grpc-direct",
      "concurrency": 4,
      "n_requests": 10,
      "n_errors": 0,
      "latency_p50_ms": 177.85475000073347,
      "latency_p95_ms": 245.4257626503022,
      "latency_p99_ms": 245.43875252962607,
      "throughput_rps": 5.002048441376177,
      "request_bytes_mean": 418.8,
      "response_bytes_mean": null,
      "proxy_ms_p50": null,
      "proxy_ms_p95": null,
      "proxy_ms_p99": null,
      "ttft_p50_ms": 143.63897950079263,
      "ttft_p95_ms": 243.84070815003724,
      "ttft_p99_ms": 243.89050803003556,
      "tpot_p50_ms": 5.4009557500194205,
      "tpot_p95_ms": 8.480906094555102,
      "tpot_p99_ms": 9.386236774568557,
      "request_type": "chat"
    },
    {
      "target": "grpc-direct",
      "concurrency": 8,
      "n_requests": 10,
      "n_errors": 0,
      "latency_p50_ms": 286.31700000005367,
      "latency_p95_ms": 286.6786768995553,
      "latency_p99_ms": 286.7521017787112,
      "throughput_rps": 3.76641497760426,
      "request_bytes_mean": 418.8,
      "response_bytes_mean": null,
      "proxy_ms_p50": null,
      "proxy_ms_p95": null,
      "proxy_ms_p99": null,
      "ttft_p50_ms": 237.12074999912147,
      "ttft_p95_ms": 237.43587094950271,
      "ttft_p99_ms": 237.50454058901596,
      "tpot_p50_ms": 5.375305555591897,
      "tpot_p95_ms": 5.4671369562584005,
      "tpot_p99_ms": 5.526235691295369,
      "request_type": "chat"
    }
  ],
  "raw_results": [
    {
      "sample_id": "sample-001",
      "target": "grpc-direct",
      "concurrency": 1,
      "latency_ms": 253.26362500163668,
      "request_bytes": 46,
      "response_bytes": null,
      "proxy_ms": null,
      "success": true,
      "error": null,
      "ttft_ms": 203.83345800109964,
      "tpot_ms": 5.457027777689897,
      "token_count": 10,
      "request_type": "chat"
    },
    {
      "sample_id": "sample-002",
      "target": "grpc-direct",
      "concurrency": 1,
      "latency_ms": 142.15233299910324,
      "request_bytes": 48,
      "response_bytes": null,
      "proxy_ms": null,
      "success": true,
      "error": null,
      "ttft_ms": 96.85487500064482,
      "tpot_ms": 5.003930555378449,
      "token_count": 10,
      "request_type": "chat"
    },
    {
      "sample_id": "sample-003",
      "target": "grpc-direct",
      "concurrency": 1,
      "latency_ms": 152.8111669995269,
      "request_bytes": 67,
      "response_bytes": null,
      "proxy_ms": null,
      "success": true,
      "error": null,
      "ttft_ms": 109.31391699887172,
      "tpot_ms": 5.396864625026865,
      "token_count": 9,
      "request_type": "chat"
    },
    {
      "sample_id": "sample-004",
      "target": "grpc-direct",
      "concurrency": 1,
      "latency_ms": 122.9114590005338,
      "request_bytes": 237,
      "response_bytes": null,
      "proxy_ms": null,
      "success": true,
      "error": null,
      "ttft_ms": 80.46841699979268,
      "tpot_ms": 6.0405000001212885,
      "token_count": 8,
      "request_type": "chat"
    },
    {
      "sample_id": "sample-005",
      "target": "grpc-direct",
      "concurrency": 1,
      "latency_ms": 154.43899999991118,
      "request_bytes": 273,
      "response_bytes": null,
      "proxy_ms": null,
      "success": true,
      "error": null,
      "ttft_ms": 66.04758399953425,
      "tpot_ms": 14.691666666597788,
      "token_count": 7,
      "request_type": "chat"
    },
    {
      "sample_id": "sample-006",
      "target": "grpc-direct",
      "concurrency": 1,
      "latency_ms": 131.2776249997114,
      "request_bytes": 282,
      "response_bytes": null,
      "proxy_ms": null,
      "success": true,
      "error": null,
      "ttft_ms": 87.68349999991187,
      "tpot_ms": 6.205381000004958,
      "token_count": 8,
      "request_type": "chat"
    },
    {
      "sample_id": "sample-007",
      "target": "grpc-direct",
      "concurrency": 1,
      "latency_ms": 159.39254099976097,
      "request_bytes": 436,
      "response_bytes": null,
      "proxy_ms": null,
      "success": true,
      "error": null,
      "ttft_ms": 74.10220799829403,
      "tpot_ms": 12.14517257150354,
      "token_count": 8,
      "request_type": "chat"
    },
    {
      "sample_id": "sample-008",
      "target": "grpc-direct",
      "concurrency": 1,
      "latency_ms": 107.62833299850172,
      "request_bytes": 626,
      "response_bytes": null,
      "proxy_ms": null,
      "success": true,
      "error": null,
      "ttft_ms": 63.222165999832214,
      "tpot_ms": 4.917319444454431,
      "token_count": 10,
      "request_type": "chat"
    },
    {
      "sample_id": "sample-009",
      "target": "grpc-direct",
      "concurrency": 1,
      "latency_ms": 138.34145799955877,
      "request_bytes": 972,
      "response_bytes": null,
      "proxy_ms": null,
      "success": true,
      "error": null,
      "ttft_ms": 92.69429199957813,
      "tpot_ms": 6.4838332857886725,
      "token_count": 8,
      "request_type": "chat"
    },
    {
      "sample_id": "sample-010",
      "target": "grpc-direct",
      "concurrency": 1,
      "latency_ms": 196.16066700109513,
      "request_bytes": 1201,
      "response_bytes": null,
      "proxy_ms": null,
      "success": true,
      "error": null,
      "ttft_ms": 109.66537500098639,
      "tpot_ms": 12.290904714193728,
      "token_count": 8,
      "request_type": "chat"
    },
    {
      "sample_id": "sample-001",
      "target": "grpc-direct",
      "concurrency": 4,
      "latency_ms": 245.44199999945704,
      "request_bytes": 46,
      "response_bytes": null,
      "proxy_ms": null,
      "success": true,
      "error": null,
      "ttft_ms": 243.90295800003514,
      "tpot_ms": 0.16670312493261008,
      "token_count": 9,
      "request_type": "chat"
    },
    {
      "sample_id": "sample-002",
      "target": "grpc-direct",
      "concurrency": 4,
      "latency_ms": 245.40591700133518,
      "request_bytes": 48,
      "response_bytes": null,
      "proxy_ms": null,
      "success": true,
      "error": null,
      "ttft_ms": 243.7646250000398,
      "tpot_ms": 0.16958337505457166,
      "token_count": 9,
      "request_type": "chat"
    },
    {
      "sample_id": "sample-003",
      "target": "grpc-direct",
      "concurrency": 4,
      "latency_ms": 244.3160419988999,
      "request_bytes": 67,
      "response_bytes": null,
      "proxy_ms": null,
      "success": true,
      "error": null,
      "ttft_ms": 194.29845799822942,
      "tpot_ms": 7.09776200009011,
      "token_count": 8,
      "request_type": "chat"
    },
    {
      "sample_id": "sample-004",
      "target": "grpc-direct",
      "concurrency": 4,
      "latency_ms": 245.3404160005448,
      "request_bytes": 237,
      "response_bytes": null,
      "proxy_ms": null,
      "success": true,
      "error": null,